{
	"credit": "Made with Blockbench",
	"parent": "item/generated",
	"textures": {
		"layer0": "4zael/azeroth_bow"
	},
	"display": {
		"thirdperson_righthand": {
			"rotation": [4.25, -90, 55],
			"translation": [-0.5, -1.75, 0.75],
			"scale": [1.1, 0.9, 0.9]
		},
		"thirdperson_lefthand": {
			"rotation": [4.2, 90, -55],
			"translation": [0, -1.75, 0.5],
			"scale": [1.1, 0.9, 0.9]
		},
		"firstperson_righthand": {
			"rotation": [0, -90, 25],
			"translation": [1.13, 3.2, 0],
			"scale": [0.85, 0.85, 0.68]
		},
		"firstperson_lefthand": {
			"rotation": [0, 90, -25],
			"translation": [1.13, 3.2, 0],
			"scale": [0.85, 0.85, 0.68]
		},
		"ground": {
			"scale": [0.9, 0.9, 0.5]
		},
		"gui": {
			"scale": [1, 1, 0.9]
		},
		"fixed": {
			"scale": [1.25, 1.25, 1]
		}
	}
}