{
	"credit": "Made with Blockbench",
	"parent": "item/generated",
	"textures": {
		"layer0": "4zael/azeroth_sword"
	},
	"display": {
		"thirdperson_righthand": {
			"rotation": [0.25, -90, 55],
			"translation": [-0.75, 9.25, 0.75],
			"scale": [1.5, 1.5, 0.85]
		},
		"thirdperson_lefthand": {
			"rotation": [0.25, 90, -55],
			"translation": [0, 9.25, 0.75],
			"scale": [1.5, 1.5, 0.85]
		},
		"firstperson_righthand": {
			"rotation": [0, -90, 34],
			"translation": [1.13, 3.2, 1],
			"scale": [1, 1, 0.68]
		},
		"firstperson_lefthand": {
			"rotation": [0, 90, -34],
			"translation": [1.13, 3.2, 1],
			"scale": [1, 1, 0.68]
		},
		"ground": {
			"translation": [0, 1.5, 0],
			"scale": [1, 1, 0.5]
		},
		"fixed": {
			"scale": [1.25, 1.25, 1]
		}
	}
}