{
	"parent": "item/generated",
	"textures": {
		"layer0": "cit/bow_magic_wand",
		"particle": "cit/bow_magic_wand"
	},
	"display": {
		"thirdperson_righthand": {
			"rotation": [-88, -89.5, 0],
			"translation": [-0.79, -1.5, -2],
			"scale": [0.7, 0.95, 0.7]
		},
		"thirdperson_lefthand": {
			"rotation": [-88, -89.5, 0],
			"translation": [-0.79, -1.5, -2],
			"scale": [0.7, 0.95, 0.7]
		},
		"firstperson_righthand": {
			"rotation": [18, -92, 71],
			"translation": [4.5, 0.5, -0.25],
			"scale": [1, 1, 0.68]
		},
		"firstperson_lefthand": {
			"rotation": [18, -92, 71],
			"translation": [4.5, 0.5, -0.25],
			"scale": [1, 1, 0.68]
		},
		"ground": {
			"translation": [0, 0.75, 0],
			"scale": [0.55, 0.55, 0.5]
		},
		"gui": {
			"rotation": [-180, 0, -180],
			"translation": [0, -0.25, -1.25],
			"scale": [1.06, 1.6, 1]
		},
		"fixed": {
			"rotation": [-180, 0, -180],
			"translation": [0, 0, -1.25],
			"scale": [1.3, 1.8, 1]
		}
	}
}