{
	"parent": "item/generated",
	"textures": {
		"layer0": "cit/shovel_bory"
	},
	"display": {
		"thirdperson_righthand": {
			"rotation": [-49, -89.5, 0],
			"translation": [0, 3, 1.5],
			"scale": [1, 1, 0.98]
		},
		"thirdperson_lefthand": {
			"rotation": [-49, 89.5, 0],
			"translation": [0, 3, 1.5],
			"scale": [1, 1, 0.98]
		},
		"firstperson_righthand": {
			"rotation": [35, -92, 71],
			"translation": [4, 1.75, -1.5],
			"scale": [0.85, 0.85, 0.68]
		},
		"firstperson_lefthand": {
			"rotation": [35, 92, -71],
			"translation": [4, 1.75, -1.5],
			"scale": [0.85, 0.85, 0.68]
		},
		"ground": {
			"translation": [0, 0.75, 0],
			"scale": [0.55, 0.55, 0.5]
		},
		"gui": {
			"translation": [-0.25, 0, 0]
		},
		"fixed": {
			"rotation": [-180, 0, -180],
			"translation": [0, 0, -0.25],
			"scale": [1.2, 1.2, 1]
		}
	}
}