{
	"credit": "Made by KDesp with Blockbench - www.youtube.com/c/KDesp",
	"ambientocclusion": false,
	"textures": {
		"cross": "block/sunflower_top",
		"back": "block/sunflower_back",
		"front": "block/sunflower_front",
		"particle": "block/sunflower_front"
	},
	"elements": [
		{
			"from": [0.8, 0, 8],
			"to": [15.2, 4, 8],
			"shade": false,
			"rotation": {"angle": 45, "axis": "y", "origin": [8, 8, 8], "rescale": true},
			"faces": {
				"north": {"uv": [1, 11, 15.4, 15], "texture": "#cross"},
				"south": {"uv": [1, 11, 15.4, 15], "texture": "#cross"}
			}
		},
		{
			"from": [8, 0, 0.8],
			"to": [8, 4, 15.2],
			"shade": false,
			"rotation": {"angle": 45, "axis": "y", "origin": [8, 8, 8], "rescale": true},
			"faces": {
				"east": {"uv": [1, 11, 15.4, 15], "texture": "#cross"},
				"west": {"uv": [1, 11, 15.4, 15], "texture": "#cross"}
			}
		},
		{
			"from": [8.6, -4, 1],
			"to": [8.6, 12, 15],
			"shade": false,
			"rotation": {"angle": 22.5, "axis": "z", "origin": [8, 8, 8], "rescale": true},
			"faces": {
				"east": {"uv": [0, 0, 16, 16], "texture": "#front"},
				"west": {"uv": [0, 0, 16, 16], "texture": "#back"}
			}
		}
	]
}