{
    "variants": {
        "": [
            { "model": "block/dirt/1", "weight":10 },
            { "model": "block/dirt/1", "weight":10, "x": 90, "y": 90, "z": 90 },
            { "model": "block/dirt/1", "weight":10, "x": 180, "y": 180, "z": 180 },
            { "model": "block/dirt/1", "weight":10, "x": 270, "y": 270, "z": 270 },
            { "model": "block/dirt/2", "weight":10 },
            { "model": "block/dirt/2", "weight":10, "x": 90, "y": 90, "z": 90 },
            { "model": "block/dirt/2", "weight":10, "x": 180, "y": 180, "z": 180 },
            { "model": "block/dirt/2", "weight":10, "x": 270, "y": 270, "z": 270 },
            { "model": "block/dirt/3", "weight":5 },
            { "model": "block/dirt/3", "weight":5, "x": 90, "y": 90, "z": 90 },
            { "model": "block/dirt/3", "weight":5, "x": 180, "y": 180, "z": 180 },
            { "model": "block/dirt/3", "weight":5, "x": 270, "y": 270, "z": 270 },
            { "model": "block/dirt/4", "weight":10 },
            { "model": "block/dirt/4", "weight":10, "x": 90, "y": 90, "z": 90 },
            { "model": "block/dirt/4", "weight":10, "x": 180, "y": 180, "z": 180 },
            { "model": "block/dirt/4", "weight":10, "x": 270, "y": 270, "z": 270 }
        ]
    }
}
