{
    "variants": {
        "half=lower": [
        				{ "model": "block/lilac_bottom", "weight": 12 },
        				{ "model": "block/lilac_bottom2", "weight": 12 }
        			],
        "half=upper": [
        				{ "model": "block/lilac_top/1", "weight": 1 },
        				{ "model": "block/lilac_top/2", "weight": 6 },
        				{ "model": "block/lilac_top/3", "weight": 5 },
        				{ "model": "block/lilac_top/4", "weight": 1 },
        				{ "model": "block/lilac_top/5", "weight": 6 },
        				{ "model": "block/lilac_top/6", "weight": 5 }
        			]
    }
}
