{
    "variants": {
        "half=lower": [
        					{ "model": "block/rose_bush_bottom", "weight": 12 },
        					{ "model": "block/rose_bush_bottom2", "weight": 12 }
        ],
        "half=upper":    [
        					{ "model": "block/rose_bush_top/1", "weight": 1 },
        					{ "model": "block/rose_bush_top/2", "weight": 6 },
        					{ "model": "block/rose_bush_top/3", "weight": 5 },
        					{ "model": "block/rose_bush_top/4", "weight": 1 },
        					{ "model": "block/rose_bush_top/5", "weight": 6 },
        					{ "model": "block/rose_bush_top/6", "weight": 5 }
        				]
    }
}
