{
    "variants": {
        "age=0": { "model": "block/wheat_stage0" },
        "age=1": { "model": "block/wheat_stage1" },
        "age=2": { "model": "block/wheat_stage2" },
        "age=3": { "model": "block/wheat_stage3" },
        "age=4": { "model": "block/wheat_stage4" },
        "age=5": { "model": "block/wheat_stage5" },
        "age=6": { "model": "block/wheat_stage6" },
        "age=7": [
            { "model": "block/wheat_stage7/1", "weight": 6},
            { "model": "block/wheat_stage7/2", "weight": 4},
            { "model": "block/wheat_stage7/3", "weight": 5},
            { "model": "block/wheat_stage7/4", "weight": 2},
            { "model": "block/wheat_stage7/5", "weight": 6},
            { "model": "block/wheat_stage7/6", "weight": 4},
            { "model": "block/wheat_stage7/7", "weight": 5},
            { "model": "block/wheat_stage7/8", "weight": 2}
        ]
    }
}
