{	"parent": "item/generated",
	"textures": {
		"layer0": "cit/axe_redstonia"
	},
	"display": {
		"thirdperson_righthand": {
			"rotation": [0, -90, 45],
			"translation": [0, 6, 2],
			"scale": [1.3, 1.3, 1.3]
		},
		"thirdperson_lefthand": {
			"rotation": [0, 90, -45],
			"translation": [0, 6, 2],
			"scale": [1.3, 1.3, 1.3]
		},
		"firstperson_righthand": {
			"rotation": [0, -90, 55],
			"translation": [0, 6, 0],
			"scale": [1.3, 1.3, 1.3]
		},
		"firstperson_lefthand": {
			"rotation": [0, 90, -55],
			"translation": [0, 6, 0],
			"scale": [1.3, 1.3, 1.3]
		},
		"ground": {
			"rotation": [-90, 0, 0],
			"scale": [1.3, 1.3, 1.3]
		},
		"gui": {
			"translation": [0.85, -0.25, 0],
			"scale": [1.1, 1.05, 1]
		}
	}
}