{
	"credit": "by Bob Azevr",
	"parent": "item/generated",
	"textures": {
		"0": "cit/arco",
		"particle": "cit/arco"
	},
	"display": {
		"thirdperson_righthand": {
			"rotation": [-180, 90.5, 44],
			"translation": [0.5, -1.75, 5.25],
			"scale": [1.2, 1.2, 1]
		},
		"thirdperson_lefthand": {
			"rotation": [-83, 90.5, 44],
			"translation": [0.5, -2.5, 5.75],
			"scale": [1.2, 1.2, 1]
		},
		"firstperson_righthand": {
			"rotation": [-106, 85, -12.5],
			"translation": [2.75, 6, 2.25],
			"scale": [1.25, 1.25, 0.68]
		},
		"firstperson_lefthand": {
			"rotation": [-180, -81, -63],
			"translation": [1.88, 5.2, 0],
			"scale": [1.25, 1.25, 0.68]
		},
		"ground": {
			"translation": [0, 3.75, 0],
			"scale": [0.75, 0.75, 0.5]
		},
		"gui": {
			"translation": [-0.25, 0, 0]
		},
		"fixed": {
			"translation": [0.25, 0, -0.75],
			"scale": [1.36, 1.36, 1]
		}
	}
}