{
	"credit": "Made with Blockbench",
	"parent": "item/generated",
	"textures": {
		"layer0": "atencaoninguem/atencao_sword"
	},
	"display": {
		"thirdperson_righthand": {
			"rotation": [-4, 91, 55],
			"translation": [0, 3.5, 1.25],
			"scale": [1.2, 1.2, 1]
		},
		"thirdperson_lefthand": {
			"rotation": [60, -87.5, 0],
			"translation": [0, 3.5, 1.75],
			"scale": [1.2, 1.2, 1]
		},
		"firstperson_righthand": {
			"rotation": [60, 85, -14],
			"translation": [2.75, 3.5, 0.5],
			"scale": [1.25, 1.25, 0.68]
		},
		"firstperson_lefthand": {
			"rotation": [-60, -89, -106],
			"translation": [2.75, 3.5, 0.5],
			"scale": [1.25, 1.25, 0.68]
		},
		"ground": {
			"translation": [0, 3.75, 0],
			"scale": [0.88, 0.88, 0.5]
		},
		"fixed": {
			"translation": [0, 0.25, -0.75],
			"scale": [1.23672, 1.18398, 1]
		}
	}
}