{
	"parent": "item/generated",
	"textures": {
		"layer0": "item/diamond_sword"
	},
	"display": {
		"thirdperson_righthand": {
			"rotation": [-12, 91, 55],
			"translation": [0.5, 8.5, 1.25],
			"scale": [1.2, 1.2, 1]
		},
		"thirdperson_lefthand": {
			"rotation": [-97, 91, 55],
			"translation": [0.5, 7.25, 2.25],
			"scale": [1.2, 1.2, 0.85]
		},
		"firstperson_righthand": {
			"rotation": [52, 85, -14],
			"translation": [2.75, 6.75, 0.25],
			"scale": [0.91, 0.91, 0.68]
		},
		"firstperson_lefthand": {
			"rotation": [-33, 85, -14],
			"translation": [2.75, 6.75, 0.25],
			"scale": [0.91, 0.91, 0.68]
		},
		"ground": {
			"translation": [0, 3.75, 0],
			"scale": [0.75, 0.75, 0.5]
		},
		"gui": {
			"translation": [-0.25, 0, 0]
		},
		"fixed": {
			"translation": [0.25, 0, -0.75],
			"scale": [1.36, 1.36, 1]
		}
	}
}