{
	"parent": "item/generated",
	"textures": {
		"layer0": "cit/axe_winchester"
	},
	"display": {
		"thirdperson_righthand": {
			"rotation": [0, -90, 45],
			"translation": [0, 4.25, 1.75],
			"scale": [1.5, 1.5, 1.5]
		},
		"thirdperson_lefthand": {
			"rotation": [0, 90, -45],
			"translation": [0, 7.5, 1.75],
			"scale": [1.5, 1.5, 1.5]
		},
		"firstperson_righthand": {
			"rotation": [0, -90, 45],
			"translation": [1.5, 6.75, 0],
			"scale": [1.5, 1.5, 1.5]
		},
		"firstperson_lefthand": {
			"rotation": [0, 90, -45],
			"translation": [1.5, 6.75, 0],
			"scale": [1.5, 1.5, 1.5]
		},
		"ground": {
			"rotation": [-90, 0, 0],
			"scale": [1.5, 1.5, 1.5]
		},
		"gui": {
			"scale": [1, 1, 0]
		},
		"head": {
			"rotation": [0, 0, 90],
			"translation": [13, 7, 0],
			"scale": [1.5, 1.5, 1.5]
		}
	}
}