{
	"parent": "item/generated",
	"textures": {
		"layer0": "cit/bow_winchester"
	},
	"display": {
		"thirdperson_righthand": {
			"rotation": [0, -90, 45],
			"translation": [0, -2.25, 4.25],
			"scale": [1.3, 1.3, 1]
		},
		"thirdperson_lefthand": {
			"rotation": [0, 90, -45],
			"translation": [0, -2.25, 4.25],
			"scale": [1.3, 1.3, 1]
		},
		"firstperson_righthand": {
			"rotation": [0, -85, 20],
			"translation": [0, 2.5, 2.75],
			"scale": [1.3, 1.3, 1]
		},
		"firstperson_lefthand": {
			"rotation": [0, 85, -20],
			"translation": [0, 2.5, 2.75],
			"scale": [1.3, 1.3, 1]
		},
		"ground": {
			"rotation": [90, 0, 0],
			"scale": [1.3, 1.3, 1]
		}
	}
}