{
	"parent": "item/generated",
	"textures": {
		"layer0": "cit/itens_winchester"
	},
	"display": {
		"thirdperson_righthand": {
			"rotation": [0, -90, 45],
			"translation": [0, 6.25, 1],
			"scale": [1.1, 1.1, 1]
		},
		"thirdperson_lefthand": {
			"rotation": [0, 90, -45],
			"translation": [0, 6.25, 1],
			"scale": [1.1, 1.1, 1]
		},
		"firstperson_righthand": {
			"rotation": [0, 90, 25],
			"translation": [0, 2.25, 1.5],
			"scale": [1.1, 1.1, 1]
		},
		"firstperson_lefthand": {
			"rotation": [0, -90, -25],
			"translation": [0, 2.25, 1.5],
			"scale": [1.1, 1.1, 1]
		},
		"ground": {
			"rotation": [90, 0, 0],
			"scale": [1.1, 1.1, 1]
		}
	}
}