{
	"parent": "item/generated",
	"textures": {
		"layer0": "cit/sword_winchester"
	},
	"display": {
		"thirdperson_righthand": {
			"rotation": [0, -90, 45],
			"translation": [0, 9, 1],
			"scale": [1.2, 1.2, 1]
		},
		"thirdperson_lefthand": {
			"rotation": [0, 90, -45],
			"translation": [0, 9, 1],
			"scale": [1.2, 1.2, 1]
		},
		"firstperson_righthand": {
			"rotation": [0, 90, 45],
			"translation": [0, 2.25, 1.5],
			"scale": [1.2, 1.2, 1]
		},
		"firstperson_lefthand": {
			"rotation": [0, -90, -45],
			"translation": [0, 2.25, 1.5],
			"scale": [1.2, 1.2, 1]
		},
		"ground": {
			"rotation": [90, 0, 0],
			"scale": [1.2, 1.2, 1]
		}
	}
}